"filename", "language", "PostCSS", "JavaScript", "HTML", "comment", "blank", "total"
"c:\Users\mathe\Documents\Projeto_Syntax_ Labs\forms-budget.html", "HTML", 0, 0, 554, 17, 72, 643
"c:\Users\mathe\Documents\Projeto_Syntax_ Labs\index.html", "HTML", 0, 0, 840, 10, 111, 961
"c:\Users\mathe\Documents\Projeto_Syntax_ Labs\js\js_pills_forms_budget.js", "JavaScript", 0, 241, 0, 13, 60, 314
"c:\Users\mathe\Documents\Projeto_Syntax_ Labs\js\script_carrossel.js", "JavaScript", 0, 37, 0, 2, 10, 49
"c:\Users\mathe\Documents\Projeto_Syntax_ Labs\js\script_fundo.js", "JavaScript", 0, 24, 0, 2, 4, 30
"c:\Users\mathe\Documents\Projeto_Syntax_ Labs\js\script_menu.js", "JavaScript", 0, 10, 0, 1, 2, 13
"c:\Users\mathe\Documents\Projeto_Syntax_ Labs\style\root.css", "PostCSS", 13, 0, 0, 3, 2, 18
"c:\Users\mathe\Documents\Projeto_Syntax_ Labs\style\style-about.css", "PostCSS", 371, 0, 0, 2, 53, 426
"c:\Users\mathe\Documents\Projeto_Syntax_ Labs\style\style-budget.css", "PostCSS", 339, 0, 0, 9, 57, 405
"c:\Users\mathe\Documents\Projeto_Syntax_ Labs\style\style-content.css", "PostCSS", 206, 0, 0, 7, 34, 247
"c:\Users\mathe\Documents\Projeto_Syntax_ Labs\style\style-faq.css", "PostCSS", 114, 0, 0, 2, 19, 135
"c:\Users\mathe\Documents\Projeto_Syntax_ Labs\style\style-forms-budgets.css", "PostCSS", 394, 0, 0, 20, 85, 499
"c:\Users\mathe\Documents\Projeto_Syntax_ Labs\style\style-home.css", "PostCSS", 181, 0, 0, 5, 23, 209
"c:\Users\mathe\Documents\Projeto_Syntax_ Labs\style\style-menu-rod.css", "PostCSS", 297, 0, 0, 10, 49, 356
"c:\Users\mathe\Documents\Projeto_Syntax_ Labs\style\style-process.css", "PostCSS", 107, 0, 0, 1, 16, 124
"c:\Users\mathe\Documents\Projeto_Syntax_ Labs\style\style-solutions.css", "PostCSS", 561, 0, 0, 1, 85, 647
"c:\Users\mathe\Documents\Projeto_Syntax_ Labs\style\style-why_us.css", "PostCSS", 84, 0, 0, 2, 13, 99
"c:\Users\mathe\Documents\Projeto_Syntax_ Labs\style\style.css", "PostCSS", 98, 0, 0, 7, 14, 119
"Total", "-", 2765, 312, 1394, 114, 709, 5294